BEGIN:VCALENDAR
VERSION:2.0
PRODID:-//Paul de Rosanbo//NONSGML icsdb//EN
CALSCALE:GREGORIAN
METHOD:PUBLISH
X-WR-TIMEZONE:UTC
X-WR-CALNAME:US legal holidays
BEGIN:VEVENT
DTSTART;VALUE=DATE:19700101
DTEND;VALUE=DATE:19700102
RRULE:FREQ=YEARLY
UID:b901ca08-d924-43c3-9166-1d215c9453d6
CLASS:PUBLIC
CREATED:20140109T004756Z
DESCRIPTION:
SEQUENCE:0
STATUS:CONFIRMED
TRANSP:TRANSPARENT
SUMMARY:New Year's Day
DTSTAMP:20160208T073458Z
LAST-MODIFIED:20160208T073458Z
END:VEVENT
BEGIN:VEVENT
DTSTART;VALUE=DATE:19830101
DTEND;VALUE=DATE:19830102
RRULE:FREQ=YEARLY;BYDAY=3MO
UID:0ae8128a-e360-492c-b2bd-52ed0d6d06fd
CLASS:PUBLIC
CREATED:20140109T004756Z
DESCRIPTION:
SEQUENCE:0
STATUS:CONFIRMED
TRANSP:TRANSPARENT
SUMMARY:Marthin Luther King day/Robert E. Lee day
DTSTAMP:20160208T073458Z
LAST-MODIFIED:20160208T073458Z
END:VEVENT
BEGIN:VEVENT
DTSTART;VALUE=DATE:19700119
DTEND;VALUE=DATE:19700120
RRULE:FREQ=YEARLY
UID:4e4b1b02-e113-4da0-9c96-32579d7056f5
CLASS:PUBLIC
CREATED:20140109T004756Z
DESCRIPTION:
CATEGORIES:Georgia,Mississippi,Texas
SEQUENCE:0
STATUS:CONFIRMED
TRANSP:TRANSPARENT
SUMMARY:Robert E. Lee day/Confederate Heroes Day
DTSTAMP:20160208T073458Z
LAST-MODIFIED:20160208T073458Z
END:VEVENT
BEGIN:VEVENT
DTSTART;VALUE=DATE:19700212
DTEND;VALUE=DATE:19700213
RRULE:FREQ=YEARLY
UID:0782a9bd-f356-431b-9728-dbdfeb9b0808
CLASS:PUBLIC
CREATED:20140109T004756Z
DESCRIPTION:
CATEGORIES:Colorado,Illinois,Indiana,Iowa,New Jersey,New York
SEQUENCE:0
STATUS:CONFIRMED
TRANSP:TRANSPARENT
SUMMARY:Lincoln's Birthday
DTSTAMP:20160208T073458Z
LAST-MODIFIED:20160208T073458Z
END:VEVENT
BEGIN:VEVENT
DTSTART;VALUE=DATE:19700201
DTEND;VALUE=DATE:19700201
RRULE:FREQ=YEARLY;BYDAY=3MO
UID:17425d41-9ed3-4088-adad-4693d1bd44c9
CLASS:PUBLIC
CREATED:20140109T004756Z
DESCRIPTION:
CATEGORIES:-New Mexico
SEQUENCE:0
STATUS:CONFIRMED
TRANSP:TRANSPARENT
SUMMARY:Presidents Day
DTSTAMP:20160208T073458Z
LAST-MODIFIED:20160208T073458Z
END:VEVENT
BEGIN:VEVENT
DTSTART;VALUE=DATE:19700301
DTEND;VALUE=DATE:19700302
RRULE:FREQ=YEARLY;BYDAY=1MO
UID:ea8579e5-adba-48c9-a8b1-4e8617c436dc
CLASS:PUBLIC
CREATED:20140109T004756Z
DESCRIPTION:
CATEGORIES:Hawaii
SEQUENCE:0
STATUS:CONFIRMED
TRANSP:TRANSPARENT
SUMMARY:Casimir Pulaski Day
DTSTAMP:20160208T073458Z
LAST-MODIFIED:20160208T073458Z
END:VEVENT
BEGIN:VEVENT
DTSTART;VALUE=DATE:19700317
DTEND;VALUE=DATE:19700318
RRULE:FREQ=YEARLY
UID:5a230112-35c1-4588-b857-bf1d29fc8de2
CLASS:PUBLIC
CREATED:20140109T004756Z
DESCRIPTION:
CATEGORIES:Massachusetts
SEQUENCE:0
STATUS:CONFIRMED
TRANSP:TRANSPARENT
SUMMARY:Evacuation Day
DTSTAMP:20160208T073458Z
LAST-MODIFIED:20160208T073458Z
END:VEVENT
BEGIN:VEVENT
DTSTART;VALUE=DATE:19700326
DTEND;VALUE=DATE:19700327
RRULE:FREQ=YEARLY
UID:1a44c81a-0f3c-43b4-9801-c0b82b72f8c9
CLASS:PUBLIC
CREATED:20140109T004756Z
DESCRIPTION:
CATEGORIES:Hawaii
SEQUENCE:0
STATUS:CONFIRMED
TRANSP:TRANSPARENT
SUMMARY:Prince Kūhiō Day Day
DTSTAMP:20160208T073458Z
LAST-MODIFIED:20160208T073458Z
END:VEVENT
BEGIN:VEVENT
DTSTART;VALUE=DATE:19700302
DTEND;VALUE=DATE:19700403
RRULE:FREQ=YEARLY
UID:092470ca-ac2c-47ca-9766-abb644c777b5
CLASS:PUBLIC
CREATED:20140109T004756Z
DESCRIPTION:
CATEGORIES:Texas
SEQUENCE:0
STATUS:CONFIRMED
TRANSP:TRANSPARENT
SUMMARY:Texas Independence Day
DTSTAMP:20160208T073458Z
LAST-MODIFIED:20160208T073458Z
END:VEVENT
BEGIN:VEVENT
DTSTART;VALUE=DATE:19700301
DTEND;VALUE=DATE:19700302
RRULE:FREQ=YEARLY;BYDAY=-1MO
UID:b4f8f9dc-28be-4e98-b45a-90230858da57
CLASS:PUBLIC
CREATED:20140109T004756Z
DESCRIPTION:
CATEGORIES:Alaska,California
SEQUENCE:0
STATUS:CONFIRMED
TRANSP:TRANSPARENT
SUMMARY:Seward Day
DTSTAMP:20160208T073458Z
LAST-MODIFIED:20160208T073458Z
END:VEVENT
BEGIN:VEVENT
DTSTART;VALUE=DATE:19700331
DTEND;VALUE=DATE:19700401
RRULE:FREQ=YEARLY
UID:0c740060-eac9-49f1-b22d-69d66115a5a3
CLASS:PUBLIC
CREATED:20140109T004756Z
DESCRIPTION:
CATEGORIES:Arizona
SEQUENCE:0
STATUS:CONFIRMED
TRANSP:TRANSPARENT
SUMMARY:Cesar Chavez Day
DTSTAMP:20160208T073458Z
LAST-MODIFIED:20160208T073458Z
END:VEVENT
BEGIN:VEVENT
DTSTART;VALUE=DATE:19700401
DTEND;VALUE=DATE:19700402
UID:7ac45e93-a684-4061-a0c7-948a89e358b0
CLASS:PUBLIC
CREATED:20140109T004756Z
DESCRIPTION:
CATEGORIES:Louisiana
SEQUENCE:0
STATUS:CONFIRMED
TRANSP:TRANSPARENT
RDATE;VALUE=DATE:19700210,19710223,19720215,19730306,19740226,19750211,1976
 0302,19770222,19780207,19790227,19800219,19810303,19820223,19830215,198403
 06,19850219,19860211,19870303,19880216,19890207,19900227,19910212,19920303
 ,19930223,19940215,19950228,19960220,19970211,19980224,19990216,20000307,2
 0010227,20020212,20030304,20040224,20050208,20060228,20070220,20080205,200
 90224,20100216,20110308,20120221,20130212,20140304,20150217,20160209,20170
 228,20180213,20190305,20200225,20210216,20220301,20230221,20240213,2025030
 4,20260217,20270209,20280229,20290213,20300305,20310225,20320210,20330301,
 20340221,20350206,20360226,20370217,20380309,20390222,20400214,20410305,20
 420218,20430210,20440301,20450221,20460206,20470226,20480218,20490302,2050
 0222,20510214,20520305,20530218,20540210,20550302,20560215,20570306,205802
 26,20590211,20600302,20610222,20620207,20630227,20640219,20650210,20660223
 ,20670215,20680306,20690226,20700211,20710303,20720223,20730207,20740227,2
 0750219,20760303,20770223,20780215,20790307,20800220,20810211,20820303,208
 30216,20840208,20850227,20860212,20870304,20880224,20890215,20900228,20910
 220,20920212,20930224,20940216,20950308,20960228,20970212,20980304,2099022
 4
SUMMARY:Mardi gras
DTSTAMP:20160208T073458Z
LAST-MODIFIED:20160208T073458Z
END:VEVENT
BEGIN:VEVENT
DTSTART;VALUE=DATE:19700408
DTEND;VALUE=DATE:19700409
UID:3c46243f-00f8-418f-94cf-4eda72ae7cb2
CLASS:PUBLIC
CREATED:20140109T004756Z
DESCRIPTION:
CATEGORIES:Connecticut,Delaware,Indiana,Kentucky,Louisiana,New Jersey,North
  Carolina,Tennessee,Texas
SEQUENCE:0
STATUS:CONFIRMED
TRANSP:TRANSPARENT
RDATE;VALUE=DATE:19700326,19710408,19720330,19730419,19740411,19750327,1976
 0415,19770407,19780323,19790412,19800403,19810416,19820408,19830331,198404
 19,19850404,19860327,19870416,19880331,19890323,19900412,19910328,19920416
 ,19930408,19940331,19950413,19960404,19970327,19980409,19990401,20000420,2
 0010412,20020328,20030417,20040408,20050324,20060413,20070405,20080320,200
 90409,20100401,20110421,20120405,20130328,20140417,20150402,20160324,20170
 413,20180329,20190418,20200409,20210401,20220414,20230406,20240328,2025041
 7,20260402,20270325,20280413,20290329,20300418,20310410,20320325,20330414,
 20340406,20350322,20360410,20370402,20380422,20390407,20400329,20410418,20
 420403,20430326,20440414,20450406,20460322,20470411,20480402,20490415,2050
 0407,20510330,20520418,20530403,20540326,20550415,20560330,20570419,205804
 11,20590327,20600415,20610407,20620323,20630412,20640403,20650326,20660408
 ,20670331,20680419,20690411,20700327,20710416,20720407,20730323,20740412,2
 0750404,20760416,20770408,20780331,20790420,20800404,20810327,20820416,208
 30401,20840323,20850412,20860328,20870417,20880408,20890331,20900413,20910
 405,20920327,20930409,20940401,20950421,20960412,20970328,20980417,2099040
 9
SUMMARY:Good Friday
DTSTAMP:20160208T073458Z
LAST-MODIFIED:20160208T073458Z
END:VEVENT
BEGIN:VEVENT
DTSTART;VALUE=DATE:19700426
DTEND;VALUE=DATE:19700427
RRULE:FREQ=YEARLY
UID:b90af415-975c-472c-85bb-e014001d6296
CLASS:PUBLIC
CREATED:20140109T004756Z
DESCRIPTION:
CATEGORIES:Florida,Texas
SEQUENCE:0
STATUS:CONFIRMED
TRANSP:TRANSPARENT
SUMMARY:Confederate Memorial Day
DTSTAMP:20160208T073458Z
LAST-MODIFIED:20160208T073458Z
END:VEVENT
BEGIN:VEVENT
DTSTART;VALUE=DATE:19700401
DTEND;VALUE=DATE:19700402
RRULE:FREQ=YEARLY;BYDAY=3MO
UID:e92f0fc5-af2b-44b1-9362-df11dc0fa735
CLASS:PUBLIC
CREATED:20140109T004756Z
DESCRIPTION:
CATEGORIES:Maine,Massachusetts,Wisconsin
SEQUENCE:0
STATUS:CONFIRMED
TRANSP:TRANSPARENT
SUMMARY:Patriots' Day
DTSTAMP:20160208T073458Z
LAST-MODIFIED:20160208T073458Z
END:VEVENT
BEGIN:VEVENT
DTSTART;VALUE=DATE:19700401
DTEND;VALUE=DATE:19700402
RRULE:FREQ=YEARLY;BYDAY=-1MO
UID:207bf3a2-0800-48a3-9325-eaffd72178ea
CLASS:PUBLIC
CREATED:20140109T004756Z
DESCRIPTION:
CATEGORIES:Alabama,Georgia,Mississippi
SEQUENCE:0
STATUS:CONFIRMED
TRANSP:TRANSPARENT
SUMMARY:Confederate Memorial Day
DTSTAMP:20160208T073458Z
LAST-MODIFIED:20160208T073458Z
END:VEVENT
BEGIN:VEVENT
DTSTART;VALUE=DATE:19700426
DTEND;VALUE=DATE:19700427
RRULE:FREQ=YEARLY
UID:18caeee1-ef50-4f34-9858-c7f1e2c8ad05
CLASS:PUBLIC
CREATED:20140109T004756Z
DESCRIPTION:
CATEGORIES:Florida,Texas
SEQUENCE:0
STATUS:CONFIRMED
TRANSP:TRANSPARENT
SUMMARY:Confederate Memorial Day
DTSTAMP:20160208T073458Z
LAST-MODIFIED:20160208T073458Z
END:VEVENT
BEGIN:VEVENT
DTSTART;VALUE=DATE:19700510
DTEND;VALUE=DATE:19700510
RRULE:FREQ=YEARLY
UID:47f5bdc3-2b0c-4162-81ae-dca8b51af813
CLASS:PUBLIC
CREATED:20140109T004756Z
DESCRIPTION:
CATEGORIES:North Carolina,Caroline du Sud
SEQUENCE:0
STATUS:CONFIRMED
TRANSP:TRANSPARENT
SUMMARY:Confederate Memorial Day
DTSTAMP:20160208T073458Z
LAST-MODIFIED:20160208T073458Z
END:VEVENT
BEGIN:VEVENT
DTSTART;VALUE=DATE:19700501
DTEND;VALUE=DATE:19700502
RRULE:FREQ=YEARLY;BYDAY=-1MO
UID:4b714d32-c439-4acc-b7e4-fa6438ac4e39
CLASS:PUBLIC
CREATED:20140109T004756Z
DESCRIPTION:
SEQUENCE:0
STATUS:CONFIRMED
TRANSP:TRANSPARENT
SUMMARY:Memorial Day
DTSTAMP:20160208T073458Z
LAST-MODIFIED:20160208T073458Z
END:VEVENT
BEGIN:VEVENT
DTSTART;VALUE=DATE:19700601
DTEND;VALUE=DATE:19700602
RRULE:FREQ=YEARLY;BYDAY=1MO
UID:03640abe-fadf-422c-9694-b9d9ae4a3875
CLASS:PUBLIC
CREATED:20140109T004756Z
DESCRIPTION:
SEQUENCE:0
STATUS:CONFIRMED
TRANSP:TRANSPARENT
SUMMARY:Jefferson Davis birthday
DTSTAMP:20160208T073458Z
LAST-MODIFIED:20160208T073458Z
END:VEVENT
BEGIN:VEVENT
DTSTART;VALUE=DATE:19700603
DTEND;VALUE=DATE:19700604
RRULE:FREQ=YEARLY
UID:1249d767-30f7-4e2a-bf21-20231f1063ed
CLASS:PUBLIC
CREATED:20140109T004756Z
DESCRIPTION:
CATEGORIES:Kentucky,Louisiana,Tennessee
SEQUENCE:0
STATUS:CONFIRMED
TRANSP:TRANSPARENT
SUMMARY:Confederate Memorial Day
DTSTAMP:20160208T073458Z
LAST-MODIFIED:20160208T073458Z
END:VEVENT
BEGIN:VEVENT
DTSTART;VALUE=DATE:19700601
DTEND;VALUE=DATE:19700602
RRULE:FREQ=YEARLY;BYDAY=1SA
UID:62e66468-7ba2-4ebd-8f97-00a597dfbf7d
CLASS:PUBLIC
CREATED:20140109T004756Z
DESCRIPTION:
CATEGORIES:Maryland
SEQUENCE:0
STATUS:CONFIRMED
TRANSP:TRANSPARENT
SUMMARY:Confederate Memorial Day
DTSTAMP:20160208T073458Z
LAST-MODIFIED:20160208T073458Z
END:VEVENT
BEGIN:VEVENT
DTSTART;VALUE=DATE:19700614
DTEND;VALUE=DATE:19700615
RRULE:FREQ=YEARLY
UID:65c2064d-6d06-4413-ba36-e7444c982ba3
CLASS:PUBLIC
CREATED:20140109T004756Z
DESCRIPTION:
CATEGORIES:Pennsylvania
SEQUENCE:0
STATUS:CONFIRMED
TRANSP:TRANSPARENT
SUMMARY:Flag Day
DTSTAMP:20160208T073458Z
LAST-MODIFIED:20160208T073458Z
END:VEVENT
BEGIN:VEVENT
DTSTART;VALUE=DATE:19700611
DTEND;VALUE=DATE:19700612
RRULE:FREQ=YEARLY
UID:f48e11e9-7bb0-424c-a5a5-452c5eb481cd
CLASS:PUBLIC
CREATED:20140109T004756Z
DESCRIPTION:
CATEGORIES:Hawaï
SEQUENCE:0
STATUS:CONFIRMED
TRANSP:TRANSPARENT
SUMMARY:Kamehameha Day
DTSTAMP:20160208T073458Z
LAST-MODIFIED:20160208T073458Z
END:VEVENT
BEGIN:VEVENT
DTSTART;VALUE=DATE:19700620
DTEND;VALUE=DATE:19700621
RRULE:FREQ=YEARLY
UID:8497fc25-a764-4411-b978-823494f42758
CLASS:PUBLIC
CREATED:20140109T004756Z
DESCRIPTION:
CATEGORIES:West Virginia
SEQUENCE:0
STATUS:CONFIRMED
TRANSP:TRANSPARENT
SUMMARY:West Virginia Day
DTSTAMP:20160208T073458Z
LAST-MODIFIED:20160208T073458Z
END:VEVENT
BEGIN:VEVENT
DTSTART;VALUE=DATE:19700704
DTEND;VALUE=DATE:19700705
RRULE:FREQ=YEARLY
UID:5a8d00d5-f08d-4117-8442-f55e95e57c98
CLASS:PUBLIC
CREATED:20140109T004756Z
DESCRIPTION:
SEQUENCE:0
STATUS:CONFIRMED
TRANSP:TRANSPARENT
SUMMARY:Independence Day
DTSTAMP:20160208T073458Z
LAST-MODIFIED:20160208T073458Z
END:VEVENT
BEGIN:VEVENT
DTSTART;VALUE=DATE:19700724
DTEND;VALUE=DATE:19700725
RRULE:FREQ=YEARLY
UID:e53f9450-ca99-42ed-8be9-4dc2028fac62
CLASS:PUBLIC
CREATED:20140109T004756Z
DESCRIPTION:
SEQUENCE:0
STATUS:CONFIRMED
TRANSP:TRANSPARENT
SUMMARY:Pioneer Day
DTSTAMP:20160208T073458Z
LAST-MODIFIED:20160208T073458Z
END:VEVENT
BEGIN:VEVENT
DTSTART;VALUE=DATE:19700801
DTEND;VALUE=DATE:19700802
RRULE:FREQ=YEARLY;BYDAY=3FR
UID:956d8ff0-152d-4ecc-990f-174253251240
CLASS:PUBLIC
CREATED:20140109T004756Z
DESCRIPTION:
CATEGORIES:Hawaï
SEQUENCE:0
STATUS:CONFIRMED
TRANSP:TRANSPARENT
SUMMARY:Statehood Day
DTSTAMP:20160208T073458Z
LAST-MODIFIED:20160208T073458Z
END:VEVENT
BEGIN:VEVENT
DTSTART;VALUE=DATE:19700801
DTEND;VALUE=DATE:19700802
RRULE:FREQ=YEARLY;BYDAY=2MO
UID:87caa1c9-7abb-4816-9eb3-865f3a9a7aae
CLASS:PUBLIC
CREATED:20140109T004756Z
DESCRIPTION:
CATEGORIES:Rhode Island
SEQUENCE:0
STATUS:CONFIRMED
TRANSP:TRANSPARENT
SUMMARY:Victory Day
DTSTAMP:20160208T073458Z
LAST-MODIFIED:20160208T073458Z
END:VEVENT
BEGIN:VEVENT
DTSTART;VALUE=DATE:19700816
DTEND;VALUE=DATE:19700817
RRULE:FREQ=YEARLY
UID:eeff247e-4b4c-4e60-854b-2578d600e8e6
CLASS:PUBLIC
CREATED:20140109T004756Z
DESCRIPTION:
CATEGORIES:Vermont
SEQUENCE:0
STATUS:CONFIRMED
TRANSP:TRANSPARENT
SUMMARY:Bennington Battle Day
DTSTAMP:20160208T073458Z
LAST-MODIFIED:20160208T073458Z
END:VEVENT
BEGIN:VEVENT
DTSTART;VALUE=DATE:19700901
DTEND;VALUE=DATE:19700902
RRULE:FREQ=YEARLY;BYDAY=1MO
UID:9c046886-5421-4562-ad2c-6045f1996ccf
CLASS:PUBLIC
CREATED:20140109T004756Z
DESCRIPTION:
SEQUENCE:0
STATUS:CONFIRMED
TRANSP:TRANSPARENT
SUMMARY:Labor Day
DTSTAMP:20160208T073458Z
LAST-MODIFIED:20160208T073458Z
END:VEVENT
BEGIN:VEVENT
DTSTART;VALUE=DATE:19701001
DTEND;VALUE=DATE:19701002
RRULE:FREQ=YEARLY;BYDAY=2MO
UID:e9e28671-b896-4a18-a509-61855edde3dd
CLASS:PUBLIC
CREATED:20140109T004756Z
DESCRIPTION:
CATEGORIES:-Alaska,-Hawaï,-Minnesota,-Nevada
SEQUENCE:0
STATUS:CONFIRMED
TRANSP:TRANSPARENT
SUMMARY:Columbus Day
DTSTAMP:20160208T073458Z
LAST-MODIFIED:20160208T073458Z
END:VEVENT
BEGIN:VEVENT
DTSTART;VALUE=DATE:19701018
DTEND;VALUE=DATE:19701019
RRULE:FREQ=YEARLY
UID:98aedded-5486-4365-8202-2d49ebf29468
CLASS:PUBLIC
CREATED:20140109T004756Z
DESCRIPTION:
CATEGORIES:Alaska
SEQUENCE:0
STATUS:CONFIRMED
TRANSP:TRANSPARENT
SUMMARY:Alaska Day
DTSTAMP:20160208T073458Z
LAST-MODIFIED:20160208T073458Z
END:VEVENT
BEGIN:VEVENT
DTSTART;VALUE=DATE:19701001
DTEND;VALUE=DATE:19701002
RRULE:FREQ=YEARLY;BYDAY=-1FR
UID:9c3faca1-ce2e-417b-804e-2ac6c8dbff08
CLASS:PUBLIC
CREATED:20140109T004756Z
DESCRIPTION:
CATEGORIES:Nevada
SEQUENCE:0
STATUS:CONFIRMED
TRANSP:TRANSPARENT
SUMMARY:Nevada Day
DTSTAMP:20160208T073458Z
LAST-MODIFIED:20160208T073458Z
END:VEVENT
BEGIN:VEVENT
DTSTART;VALUE=DATE:19701101
DTEND;VALUE=DATE:19701102
RRULE:FREQ=YEARLY;BYMONTH=11;BYDAY=TU;BYMONTHDAY=2,3,4,5,6,7,8
UID:6df7c459-522d-4970-9cc9-30dfded7f4fc
CLASS:PUBLIC
CREATED:20140109T004756Z
DESCRIPTION:
CATEGORIES:Delaware,Hawaï,Illinois,Indiana,Kentucky,Louisiana,Maryland,Mon
 tana,New Jersey,New York,Ohio,Wisconsin
SEQUENCE:0
STATUS:CONFIRMED
TRANSP:TRANSPARENT
SUMMARY:Election Day
DTSTAMP:20160208T073458Z
LAST-MODIFIED:20160208T073458Z
END:VEVENT
BEGIN:VEVENT
DTSTART;VALUE=DATE:19701111
DTEND;VALUE=DATE:19701112
RRULE:FREQ=YEARLY
UID:91634148-b2ee-4cc7-a6ec-ac943dd5aac8
CLASS:PUBLIC
CREATED:20140109T004756Z
DESCRIPTION:
SEQUENCE:0
STATUS:CONFIRMED
TRANSP:TRANSPARENT
SUMMARY:Veterans Day
DTSTAMP:20160208T073458Z
LAST-MODIFIED:20160208T073458Z
END:VEVENT
BEGIN:VEVENT
DTSTART;VALUE=DATE:19701111
DTEND;VALUE=DATE:19701112
RRULE:FREQ=YEARLY;BYDAY=4TH
UID:8f3a60b1-f970-45e6-9cd0-83baa4d24977
CLASS:PUBLIC
CREATED:20140109T004756Z
DESCRIPTION:
SEQUENCE:0
STATUS:CONFIRMED
TRANSP:TRANSPARENT
SUMMARY:Thanksgiving Day
DTSTAMP:20160208T073458Z
LAST-MODIFIED:20160208T073458Z
END:VEVENT
BEGIN:VEVENT
DTSTART;VALUE=DATE:19701111
DTEND;VALUE=DATE:19701112
UID:68774dca-ca04-4d39-be28-4401d2dce8af
CLASS:PUBLIC
CREATED:20140109T004756Z
DESCRIPTION:
CATEGORIES:Delaware,Florida,Indiana,Kentucky,Louisiana,Minnesota,Nevada,New
  Hampshire,New Mexico,North Carolina,Oklahoma,Texas,West Virginia
SEQUENCE:0
STATUS:CONFIRMED
TRANSP:TRANSPARENT
RDATE;VALUE=DATE:19701127,19711126,19721124,19731123,19741129,19751128,1976
 1126,19771125,19781124,19791123,19801128,19811127,19821126,19831125,198411
 23,19851129,19861128,19871127,19881125,19891124,19901123,19911129,19921127
 ,19931126,19941125,19951124,19961129,19971128,19981127,19991126,20001124,2
 0011123,20021129,20031128,20041126,20051125,20061124,20071123,20081128,200
 91127,20101126,20111125,20121123,20131129,20141128,20151127,20161125,20171
 124,20181123,20191129,20201127,20211126,20221125,20231124,20241129,2025112
 8,20261127,20271126,20281124,20291123,20301129,20311128,20321126,20331125,
 20341124,20351123,20361128,20371127,20381126,20391125,20401123,20411129,20
 421128,20431127,20441125,20451124,20461123,20471129,20481127,20491126,2050
 1125,20511124,20521129,20531128,20541127,20551126,20561124,20571123,205811
 29,20591128,20601126,20611125,20621124,20631123,20641128,20651127,20661126
 ,20671125,20681123,20691129,20701128,20711127,20721125,20731124,20741123,2
 0751129,20761127,20771126,20781125,20791124,20801129,20811128,20821127,208
 31126,20841124,20851123,20861129,20871128,20881126,20891125,20901124,20911
 123,20921128,20931127,20941126,20951125,20961123,20971129,20981128,2099112
 7
SUMMARY:Day After Thanksgiving
DTSTAMP:20160208T073458Z
LAST-MODIFIED:20160208T073458Z
END:VEVENT
BEGIN:VEVENT
DTSTART;VALUE=DATE:19701224
DTEND;VALUE=DATE:19710125
RRULE:FREQ=YEARLY
UID:19e41987-7874-4d6a-8c3a-6ae710d59ece
CLASS:PUBLIC
CREATED:20140109T004755Z
DESCRIPTION:
CATEGORIES:Arkansas,Georgia,Kentucky,Michigan,Montana,North Carolina,Tennes
 see,Texas
SEQUENCE:0
STATUS:CONFIRMED
TRANSP:TRANSPARENT
SUMMARY:Christmas Eve
DTSTAMP:20160208T073458Z
LAST-MODIFIED:20160208T073458Z
END:VEVENT
BEGIN:VEVENT
DTSTART;VALUE=DATE:19701225
DTEND;VALUE=DATE:19701226
RRULE:FREQ=YEARLY
UID:c1679873-ff26-4f96-a628-01e89a2049fb
CLASS:PUBLIC
CREATED:20140109T004755Z
DESCRIPTION:
SEQUENCE:0
STATUS:CONFIRMED
TRANSP:TRANSPARENT
SUMMARY:Christmas
DTSTAMP:20160208T073458Z
LAST-MODIFIED:20160208T073458Z
END:VEVENT
BEGIN:VEVENT
DTSTART;VALUE=DATE:19701226
DTEND;VALUE=DATE:19701227
RRULE:FREQ=YEARLY
UID:4cca616a-d8a6-48c3-89a6-c056cae0905a
CLASS:PUBLIC
CREATED:20140109T004755Z
DESCRIPTION:
CATEGORIES:North Carolina,Texas
SEQUENCE:0
STATUS:CONFIRMED
TRANSP:TRANSPARENT
SUMMARY:Day after Christmas
DTSTAMP:20160208T073458Z
LAST-MODIFIED:20160208T073458Z
END:VEVENT
BEGIN:VEVENT
DTSTART;VALUE=DATE:19701231
DTEND;VALUE=DATE:19710101
RRULE:FREQ=YEARLY
UID:887a26be-8d8b-4ae5-8cf4-3da956fcf080
CLASS:PUBLIC
CREATED:20140109T004755Z
DESCRIPTION:
CATEGORIES:Kentucky,Michigan,Montana
SEQUENCE:0
STATUS:CONFIRMED
TRANSP:TRANSPARENT
SUMMARY:New Year's Eve
DTSTAMP:20160208T073458Z
LAST-MODIFIED:20160208T073458Z
END:VEVENT
END:VCALENDAR
