BEGIN:VCALENDAR
VERSION:2.0
PRODID:-//Paul de Rosanbo//NONSGML icsdb//EN
CALSCALE:GREGORIAN
METHOD:PUBLISH
X-WR-CALNAME:North Ireland legal holidays
X-WR-TIMEZONE:UTC

BEGIN:VEVENT
DTSTART;VALUE=DATE:19700101
DTEND;VALUE=DATE:19700102
RRULE:FREQ=YEARLY
DTSTAMP:20160116T145149Z
UID:b901ca08-d924-43c3-9166-1d215c9453d6
CLASS:PUBLIC
CREATED:20140109T004756Z
DESCRIPTION:
LAST-MODIFIED:20140109T004756Z
SEQUENCE:0
STATUS:CONFIRMED
SUMMARY:New Year's Day
TRANSP:TRANSPARENT
END:VEVENT

BEGIN:VEVENT
DTSTART;VALUE=DATE:19700317
DTEND;VALUE=DATE:19700318
RRULE:FREQ=YEARLY
DTSTAMP:20160116T145149Z
UID:10a0f538-a89a-4d44-9efd-d9ae4d73bae6
CLASS:PUBLIC
CREATED:20140109T004756Z
DESCRIPTION:
LAST-MODIFIED:20140109T004756Z
SEQUENCE:0
STATUS:CONFIRMED
SUMMARY:Saint Patrick
TRANSP:TRANSPARENT
END:VEVENT

BEGIN:VEVENT
DTSTART;VALUE=DATE:19700408
DTEND;VALUE=DATE:19700409
DTSTAMP:20160116T145149Z
RDATE;VALUE=DATE:20160325,20170414
UID:3c46243f-00f8-418f-94cf-4eda72ae7cb2
CLASS:PUBLIC
CREATED:20140109T004756Z
DESCRIPTION:
LAST-MODIFIED:20140109T004756Z
SEQUENCE:0
STATUS:CONFIRMED
SUMMARY:Good Friday
TRANSP:TRANSPARENT
END:VEVENT

BEGIN:VEVENT
DTSTART;VALUE=DATE:19700408
DTEND;VALUE=DATE:19700409
DTSTAMP:20160116T145149Z
RDATE;VALUE=DATE:20160328,20170417,20180402
UID:5bd21657-4072-4474-8007-4ffd522fea87
CLASS:PUBLIC
CREATED:20140109T004756Z
DESCRIPTION:
LAST-MODIFIED:20140109T004756Z
SEQUENCE:0
STATUS:CONFIRMED
SUMMARY:Easter Monday
TRANSP:TRANSPARENT
END:VEVENT

BEGIN:VEVENT
DTSTART;VALUE=DATE:19700501
DTEND;VALUE=DATE:19700502
RRULE:FREQ=YEARLY;BYDAY=1MO
DTSTAMP:20160116T145149Z
UID:8f0b792e-37de-4364-ae30-c03798b901bb
CLASS:PUBLIC
CREATED:20140109T004753Z
DESCRIPTION:
LAST-MODIFIED:20140109T004753Z
SEQUENCE:0
STATUS:CONFIRMED
SUMMARY:May Day Bank Holiday
TRANSP:TRANSPARENT
END:VEVENT

BEGIN:VEVENT
DTSTART;VALUE=DATE:19700525
DTEND;VALUE=DATE:19700526
RRULE:FREQ=YEARLY;BYDAY=-1MO
DTSTAMP:20160116T145149Z
UID:9b9099f5-2167-4c77-87ab-7a373bfc1288
CLASS:PUBLIC
CREATED:20140109T004755Z
DESCRIPTION:
LAST-MODIFIED:20140109T004755Z
SEQUENCE:0
STATUS:CONFIRMED
SUMMARY:Spring Bank Holiday
TRANSP:TRANSPARENT
END:VEVENT

BEGIN:VEVENT
DTSTART;VALUE=DATE:19700712
DTEND;VALUE=DATE:19700713
RRULE:FREQ=YEARLY
DTSTAMP:20160116T145149Z
UID:1ed19985-4ac9-4acd-b2ff-bc35da4398ca
CLASS:PUBLIC
CREATED:20140109T004755Z
DESCRIPTION:
LAST-MODIFIED:20140109T004755Z
SEQUENCE:0
STATUS:CONFIRMED
SUMMARY:Orangemen's Day
TRANSP:TRANSPARENT
END:VEVENT


BEGIN:VEVENT
DTSTART;VALUE=DATE:19700827
DTEND;VALUE=DATE:19700828
RRULE:FREQ=YEARLY;BYDAY=-1MO
DTSTAMP:20160116T145149Z
UID:a98c648f-a7ec-4290-8790-eca7d103628e
CLASS:PUBLIC
CREATED:20140109T004755Z
DESCRIPTION:
LAST-MODIFIED:20140109T004755Z
SEQUENCE:0
STATUS:CONFIRMED
SUMMARY:Summer Bank Holiday
TRANSP:TRANSPARENT
END:VEVENT


BEGIN:VEVENT
DTSTART;VALUE=DATE:19701225
DTEND;VALUE=DATE:19701226
RRULE:FREQ=YEARLY
DTSTAMP:20160116T145149Z
UID:c1679873-ff26-4f96-a628-01e89a2049fb
CLASS:PUBLIC
CREATED:20140109T004755Z
DESCRIPTION:
LAST-MODIFIED:20140109T004755Z
SEQUENCE:0
STATUS:CONFIRMED
SUMMARY:Christmas
TRANSP:TRANSPARENT
END:VEVENT

BEGIN:VEVENT
DTSTART;VALUE=DATE:19701226
DTEND;VALUE=DATE:19701227
RRULE:FREQ=YEARLY
DTSTAMP:20160116T145149Z
UID:d16fb6fb-217c-4665-bc68-cb9b2bdc7982
CLASS:PUBLIC
CREATED:20140109T004755Z
DESCRIPTION:
LAST-MODIFIED:20140109T004755Z
SEQUENCE:0
STATUS:CONFIRMED
SUMMARY:Boxing day
TRANSP:TRANSPARENT
END:VEVENT

END:VCALENDAR
